uuid,firstName,lastName,email
5e374c71-7684-45d0-a7a2-a6af43624ee8,Pris,Doveston,pdoveston0@house.gov
98ee31e2-9d03-4791-99a6-d56c387aecad,Britt,Sporgeon,bsporgeon1@hao123.com
ef5aacc4-f933-4794-945b-a4e1592f2cae,Nap,Jennins,njennins2@google.nl
74e531b6-3d5f-4459-9b6f-44824fcd46bf,Krystle,Lyard,klyard3@aboutads.info
9e7a9266-a9ee-4e7d-8d70-68bac1f2f107,Danny,Gyorffy,dgyorffy4@yahoo.co.jp
2ee639c4-d74d-4883-ba5b-2df5d23eb9c2,Inger,Jenkin,ijenkin5@qq.com
df3be454-b04c-4ce8-8b92-f90e37d811b8,Shadow,Chrestien,schrestien6@e-recht24.de
b7ca9e9f-3697-47db-9425-03e9f58edf72,Eben,Waldie,ewaldie7@instagram.com
9fdda94e-c754-40d5-bf38-e61625df16d4,Lucius,Yarn,lyarn8@chicagotribune.com
1491ebbd-7d47-410c-a2e1-c32fe814d649,Hy,Dredge,hdredge9@stanford.edu
42d69f7b-f402-4fe4-a34f-fa59067e8c2e,Abby,Mellmer,amellmera@vkontakte.ru
8aa3e638-124e-4e2d-912e-62f1c21332b8,Burton,Sowthcote,bsowthcoteb@wiley.com
f4def1ef-50bc-4a04-b6a6-4332f7782f11,Dav,Jagels,djagelsc@bloglines.com
fee42f77-d555-42c0-b1cc-67b844e81300,Gunter,Caveill,gcaveilld@youtube.com
1b5724f8-bc8f-4b93-aad9-d203f3213ac5,Flint,Ollarenshaw,follarenshawe@jalbum.net
8a66791f-3753-4a90-bb6f-6387a9a7be54,Hayyim,Imison,himisonf@google.ca
831484fc-5220-44ed-bcad-9ac231f94eb6,Brena,Baile,bbaileg@cnet.com
c88bf640-bf8b-4e76-ab51-7a7a3e035d95,Brandy,Ugoletti,bugolettih@instagram.com
7ebdc6f3-484e-48c6-91e2-699fcb6475db,Zitella,Littlejohn,zlittlejohni@google.com.hk
db8f7363-869d-4f0e-985e-80119bf96e25,Reube,Lezemere,rlezemerej@illinois.edu
4ca7be6c-2e2d-49b8-9055-3fcf506f7aff,Ara,Rogans,arogansk@list-manage.com
fe76a81c-ffc0-4bf6-97ae-0d9a2356fef9,Al,Rojahn,arojahnl@paypal.com
686b6a3a-d6bf-44e1-92f3-9ef92358d202,Bobby,Crucitti,bcrucittim@discovery.com
bad17848-364c-4fa1-a10a-049bfd638797,Merola,Ware,mwaren@so-net.ne.jp
4dda570d-bc8c-4a95-a3a2-bfb4516b0717,Claire,Egar,cegaro@reddit.com
14b753db-01d4-4c59-ae71-505705c78313,Marigold,Athey,matheyp@spotify.com
d4632f81-4202-49bd-98c5-0090bc8a425a,Abbey,Thay,athayq@dion.ne.jp
1e2dc64e-b47d-4ac1-b010-e34a0c715540,Fraser,Sirl,fsirlr@tripadvisor.com
cacca8a0-296a-4d95-8a0c-09f7a2fd03a0,Lissi,Duplock,lduplocks@businessweek.com
53db4f0c-2c17-4959-aee7-f584168ff17e,Karil,Twidell,ktwidellt@twitpic.com
c8a5b30b-b91c-4177-b7a0-af2cd15dc57c,Jacquenetta,Naire,jnaireu@phpbb.com
f72a1094-1ea3-4db7-b257-a031119e5718,Delaney,Weakley,dweakleyv@altervista.org
4a2ccf83-35ba-46dc-9a04-a57a86690ef6,Gussy,Olligan,golliganw@jugem.jp
4e716f5a-5ac9-43c7-9613-7102922406d5,Sonnie,Ciabatteri,sciabatterix@yolasite.com
d79a0a08-aa29-4325-b5e6-ab07281d07d7,Siobhan,Gherardelli,sgherardelliy@printfriendly.com
b3484286-ca1c-4f16-b2ab-5f72689ce525,Koralle,Nolin,knolinz@e-recht24.de
cbb6d31b-9529-44a2-a7db-0147ad5248a5,Patrizio,Meindl,pmeindl10@angelfire.com
6a48b63a-cc42-4242-8f4d-b7b77b4c17c7,Hirsch,Brussels,hbrussels11@mashable.com
999044b1-7542-4fb0-938c-aa974b1a07ec,Kristyn,Hamper,khamper12@multiply.com
3016f701-16a6-4d3e-a6b6-d4fe4dee8e55,Tallia,Sircomb,tsircomb13@google.de
212e8fee-e740-471d-a236-bbc3e05cefa1,Tybalt,Begley,tbegley14@cbslocal.com
7ab14756-e0a6-48d7-af19-b7d99590a9a6,Emmery,Torbeck,etorbeck15@ezinearticles.com
5cbe19d6-8900-4179-aa17-baf4a2a472ed,Hyacinthie,Kaser,hkaser16@elegantthemes.com
84758dee-c3e8-42bf-b7ce-46b285e626c5,Emma,Sorrill,esorrill17@irs.gov
2d14d5f3-186b-4974-9602-c61e02299a05,Ealasaid,McKeown,emckeown18@nydailynews.com
b4646dab-3d68-4086-acaa-7f701f6dca04,Doro,Vella,dvella19@miibeian.gov.cn
7bee9f40-1ffa-41c6-9241-10345a06715c,Linnet,Peter,lpeter1a@wikimedia.org
41103997-4dd1-4340-b05d-331a5853fcf8,Ki,Camm,kcamm1b@simplemachines.org
361b62b8-274a-4363-ba88-feec9c31f792,Niall,Dunleavy,ndunleavy1c@ucoz.ru
2acb54ed-fc07-4373-b902-fcd1b7ddbba0,Gweneth,Spendlove,gspendlove1d@homestead.com
5df06dab-5c37-4202-ae14-c3b2442de188,Jania,Tythacott,jtythacott1e@dedecms.com
b5b1ace6-cd66-4612-910a-a65f82233f17,Mallorie,Dain,mdain1f@a8.net
84a70eb9-9d5e-4fc1-af9a-869128d09a79,Etienne,Bettley,ebettley1g@noaa.gov
61dee765-2c3b-4c67-bef8-23efaea00e06,Godwin,Cogdon,gcogdon1h@ucoz.ru
492c84c7-eb2f-4f84-800f-7ec60572d213,Quintus,Exley,qexley1i@prlog.org
7abd3604-3057-430d-9e6b-383286eeb941,Augustine,Josipovitz,ajosipovitz1j@blinklist.com
c663b0d9-31f4-4db0-b260-85f6de52c4dd,Denny,Upcraft,dupcraft1k@berkeley.edu
1d36cdf3-b6a6-4c01-958b-43d2a70d9b1f,Franky,Matthius,fmatthius1l@craigslist.org
fddbcda1-ced3-4a54-a741-378470d41861,Shay,Benley,sbenley1m@epa.gov
902a1810-775a-4aad-a9cc-c5e0824bccc2,Ulla,Johnys,ujohnys1n@unc.edu
7da6b752-9455-4b18-9079-4bc3417a8d25,Gennifer,Dimmack,gdimmack1o@wikispaces.com
a5fa05cd-8ddf-4447-b2ff-d803546ae4c5,Georgina,Hostan,ghostan1p@state.gov
124280ca-7d96-4ea5-b058-d6331f0b6404,Marlane,Gobolos,mgobolos1q@surveymonkey.com
cde5d548-5df6-442b-8c64-2802e3f3d0d8,Joice,Solman,jsolman1r@fastcompany.com
6ea9aba7-a7b3-4277-a961-2a0d4f1b6397,Falito,Cunde,fcunde1s@sphinn.com
0af62f04-660b-4f8d-80d0-b1fbd24c2d4e,Kally,Tuttle,ktuttle1t@telegraph.co.uk
e7b35efc-7fcd-4000-9a84-e03b785f8008,Karney,Bolland,kbolland1u@surveymonkey.com
d5bc13e7-dd27-4da7-ad9a-001b80d6b954,Allyce,Varrow,avarrow1v@furl.net
910bc7c4-29f1-4d19-9751-b8a8e17aabcb,Jermain,Blance,jblance1w@pen.io
72a02138-968b-479e-ad76-dcbc65de20bd,Phil,Wimmer,pwimmer1x@google.it
24752361-c7aa-403b-b617-ad14cd6b8041,Neely,Bownes,nbownes1y@example.com
f3bd9bac-bc8c-471a-be1a-f0a02519845f,Alanah,Grovier,agrovier1z@deviantart.com
8e055060-b8cd-4495-8680-2c79462f4ea6,Janenna,Bernollet,jbernollet20@go.com
821d209b-7267-45a4-83f5-ac32eedadfae,Rina,Linturn,rlinturn21@nsw.gov.au
82db3baf-f186-400d-a208-e66964cd3eb7,Juliann,Bunt,jbunt22@usgs.gov
fd89fe97-b452-4b48-8669-c2785c0fc6d7,Bank,Salamon,bsalamon23@delicious.com
f1fb8791-fd28-42c2-976f-154fb953b7c9,Kathryne,Daen,kdaen24@earthlink.net
c4e98583-431f-412a-afe3-4fe4ab3cce05,Arch,Cargen,acargen25@patch.com
bd123e1b-14b1-4207-ae09-2a41f4a7b154,Ricca,Breznovic,rbreznovic26@gnu.org
756b1b9b-a28c-461a-9a74-5bf14941feea,Amil,Pirnie,apirnie27@deliciousdays.com
230f0081-a322-4b00-abeb-80badb22b633,Charlean,Aimeric,caimeric28@mashable.com
79cde201-1641-4ef2-8fd0-c13ab33facab,Shea,Dunnico,sdunnico29@woothemes.com
7781ec51-5020-480e-bc8a-520e49ce3b85,Corliss,Larrie,clarrie2a@japanpost.jp
df434846-c793-4e5d-b480-f01258d9cf74,Wilone,Hawkes,whawkes2b@prnewswire.com
9bdf8120-8516-4902-84f3-3a1e52c371e3,Stu,Cussen,scussen2c@ustream.tv
54adc785-0b82-4ec8-8285-29e38e6d140a,Randene,Mustill,rmustill2d@baidu.com
9f92ff05-3c28-4e3a-8f37-1f46bd16c5c5,Christan,Sayward,csayward2e@eepurl.com
e59fc2d2-9f57-4bf1-82af-bc717af4a98a,Benoit,Borer,bborer2f@ebay.com
693cc084-67ef-453f-a5a1-a1daaf32a0c8,Dunc,D'Agostino,ddagostino2g@123-reg.co.uk
64658b62-dc03-4c0c-aaaf-650bd0bbd170,Ingaberg,Schirach,ischirach2h@hugedomains.com
c8ce72ea-2439-41d3-adf0-51b466f83b45,Raddy,Lowfill,rlowfill2i@google.com.hk
a829d2a7-19ed-4de1-99d8-886297fe2634,Isaac,Strattan,istrattan2j@google.com.au
1703d058-1be8-4833-984a-b93e2290f4e6,Cassie,Wallsworth,cwallsworth2k@hp.com
fb72d4ad-0b4e-40cf-999d-27eabdfc7d06,Misha,Esslemont,messlemont2l@parallels.com
60bb8883-56de-4614-81d4-84f7bad8da9e,Jephthah,Jollie,jjollie2m@barnesandnoble.com
761ab1e5-d6b7-43b1-94b7-889b9c6948b4,Derrik,Whisker,dwhisker2n@amazon.com
1abb1b5c-4996-476d-9822-b52e360a7c58,Carie,Starsmeare,cstarsmeare2o@theglobeandmail.com
3705e868-5296-484d-bf1a-937481dfd349,Puff,O' Byrne,pobyrne2p@chronoengine.com
83cf50e7-3576-4608-bcd7-10c998941458,Paloma,Schultes,pschultes2q@usgs.gov
bbb39f27-3d97-47aa-a647-fbb043bab638,Arel,Gready,agready2r@narod.ru
